#temp, ph, pc, i, d, max_output%
500.000000,865.579712,33311120934450495488.000000,23.950500,2.666489, 30
600.000000,781.781799,66622241868900990976.000000,14.549999,1.619900, 40
700.000000,662.848206,133244483737801981952.000000,9.096001,1.012688, 50
800.000000,664.068237,532977934951207927808.000000,7.275000,0.809950, 60
900.000000,560.244080,1065955869902415855616.000000,5.305500,0.590679, 70
1000.000000,521.435486,2131911739804831711232.000000,4.395000,0.489310, 80
